CENTRAL,"Bunker Hill/Historic Core, Central City East, Chinatown, Civic Center, Downtown Los Angeles, Fashion District, Jewelry District, Little Tokyo, Solano Canyon, South Park-Entertainment, Toy District, Old Bank District, Artists Lofts, Financial District"
RAMPART,"Angelino Heights, Echo Park, Historic Filipinotown, Lafayette Park, MacArthur Park, Pico-Union, Temple-Beaudry, Virgil Village, Westlake"
SOUTHWEST,"Adams-Normandie, Baldwin Hills, Baldwin Village, Baldwin Vista, Crenshaw, Exposition Park, Jefferson Park, Leimert Park, Union Square, University Park, Village Green, West Adams, Western Heights"
HOLLENBECK,"Aliso Village, Boyle Heights, El Sereno, Estrada Court, Hermon, Hillside Village, Lincoln Heights, Montecito Heights, Monterey Hills, Pico Gardens, Ramona Gardens, Rose Hills Courts, University Hills"
HARBOR,"Harbor City, Harbor Gateway, San Pedro, Terminal Island, Wilmington"
HOLLYWOOD,"Argyle, Cahuenga Pass, East Hollywood, Hobart, Hollywood, Hollywood Hills, Hollywood/La Brea, Little Armenia, Los Feliz, Melrose District, Mount Olympus, Sierra Vista, Spaulding Square, Sunset Strip, Thai Town, Vine/Willoughby"
WILSHIRE,"Arlington Heights, Brookside Park, Carthay Circle, Country Club Park, Fairfax, Greater Wilshire, Hancock Park, Larchmont Village, Little Ethiopia, Melrose, Mid-City, Mid-Wilshire, Miracle Mile, Park La Brea, South Carthay, Wellington Square, Wilshire Center, Wilshire Vista, Windsor Square, Olympic Park"
WEST LOS ANGELES,"Bel Air, Benedict Canyon, Beverly Crest, Beverly Glen, Beverlywood, Brentwood, Century City, Cheviot Hills, Crestview, Glen Ridge, Pacific Palisades, Rancho Park, Roscomare Valley, Rustic Canyon, San Vicente, Sawtelle, West Los Angeles, Westwood, La Cienega Heights, Santa Monica Canyon"
VAN NUYS,"Sepulveda, Sherman Oaks, Valley Glen, Van Nuys, Ventura Business District, West Van Nuys"
WEST VALLEY,"Encino, Lake Balboa, Mandeville Canyon, Northridge, Reseda, Tarzana, Warner Center"
NORTHEAST,"Atwater Village, Cypress Park, Eagle Rock, East Hollywood, Echo Park, Elysian Park, Elysian Valley, Franklin Hills, Garvanza, Glassell Park, Highland Park, Los Feliz, Mount Washington, Silver Lake, Solano Canyon"
77TH STREET,"Athens Park, Chesterfield Square, Gramercy Park, Hyde Park, South Park-51st and Menlo, Vermont Knolls, Vermont Park, View Heights, Morningside Park, West Park Terrance"
NEWTON,"Fashion District, Pueblo Del Rio, South Park-Entertainment"
PACIFIC,"Del Rey, Manchester Square, Mar Vista, Oakwood, Palms, Playa del Rey, Playa Vista, Venice, Westchester"
NORTH HOLLYWOOD,"Cahuenga Pass, North Hollywood, Studio City, Sun Valley, Toluca Lake, Toluca Woods, Universal City, Valley Glen, Valley Village, West Toluca"
FOOTHILL,"La Tuna Canyon, Lake View Terrace, Pacoima, Shadow Hills, Sun Valley, Sunland, Tujunga"
DEVONSHIRE,"Chatsworth, Granada Hills, Northridge, Porter Ranch"
SOUTHEAST,"Athens Park, Avalon Gardens, Gardena Boulevard, Hacienda Village, Harbor Gateway, Imperial Courts, Jordan Downs, Nickerson Gardens, Parkside Manor, Watts"
MISSION,"Arleta, North Hills, Mission Hills, Panorama City, Sylmar, Knollwood, Blythe Street"
OLYMPIC,"Koreatown, Arlington Heights"
TOPANGA,"Canoga Park, West Hills, Winnetka, Woodland Hills"
